{
  "total_experiments": 160,
  "unique_equations": 8,
  "best_configs": {
    "r2_score": {
      "beam_size": 10.0,
      "length_penalty": 0.8,
      "max_len": 50.0,
      "value": 0.9999999999999974,
      "equation": "linear"
    },
    "mse": {
      "beam_size": 20.0,
      "length_penalty": 0.5,
      "max_len": 150.0,
      "value": 7.460698492546991e-16,
      "equation": "sqrt_abs"
    },
    "symbolic_match": {
      "beam_size": 1.0,
      "length_penalty": 2.0,
      "max_len": 75.0,
      "value": 1.0,
      "equation": "quadratic_2d"
    }
  },
  "averages": {
    "by_beam_size": {
      "r2_score": {
        "1": 0.8453999795834839,
        "3": 0.8133329724173579,
        "5": 0.9785309827665802,
        "8": 0.8871364570714575,
        "10": 0.9871838430830896,
        "15": NaN,
        "20": 0.9897077580055456
      },
      "mse": {
        "1": 1.5869218953304878,
        "3": 1.9573811469019358,
        "5": 0.1924341903660961,
        "8": 1.229376443704666,
        "10": 0.13699981028322913,
        "15": NaN,
        "20": 0.10943802463560007
      },
      "symbolic_match": {
        "1": 0.375,
        "3": 0.125,
        "5": 0.0625,
        "8": 0.125,
        "10": 0.041666666666666664,
        "15": 0.09375,
        "20": 0.09375
      },
      "inference_time": {
        "1": 0.6574923247098923,
        "3": 1.8153489828109741,
        "5": 3.2192792147397995,
        "8": 6.243337132036686,
        "10": 7.700557331244151,
        "15": 11.28714557737112,
        "20": 16.2450220733881
      }
    },
    "by_length_penalty": {
      "r2_score": {
        "0.5": 0.9578381089189619,
        "0.8": 0.9661400469908079,
        "1.0": 0.9899732260389659,
        "1.2": 0.9899732262657992,
        "1.5": 0.9365356262612642,
        "2.0": NaN
      },
      "mse": {
        "0.5": 0.43131391984435924,
        "0.8": 0.3471246635841325,
        "1.0": 0.10941513773468241,
        "1.2": 0.10941513773377212,
        "1.5": 0.6900910830033167,
        "2.0": NaN
      },
      "symbolic_match": {
        "0.5": 0.125,
        "0.8": 0.1,
        "1.0": 0.0,
        "1.2": 0.125,
        "1.5": 0.09375,
        "2.0": 0.20833333333333334
      },
      "inference_time": {
        "0.5": 8.765488550066948,
        "0.8": 4.7884830057621,
        "1.0": 11.986997365951538,
        "1.2": 12.931753098964691,
        "1.5": 12.394737094640732,
        "2.0": 5.57984600464503
      }
    },
    "by_max_len": {
      "r2_score": {
        "30": 0.9897077592107416,
        "50": NaN,
        "75": 0.8732345150561164,
        "100": 0.9529715457903538,
        "150": 0.9859218858558678,
        "200": 0.9848689785321191
      },
      "mse": {
        "30": 0.10943801159754228,
        "50": NaN,
        "75": 1.3485573824520436,
        "100": 0.49555914011702906,
        "150": 0.15078070590714807,
        "200": 0.13719939150946955
      },
      "symbolic_match": {
        "30": 0.125,
        "50": 0.08333333333333333,
        "75": 0.20833333333333334,
        "100": 0.075,
        "150": 0.0625,
        "200": 0.08333333333333333
      },
      "inference_time": {
        "30": 15.410829693078995,
        "50": 7.21187620361646,
        "75": 7.252292642990748,
        "100": 9.043361335992813,
        "150": 9.332097887992859,
        "200": 7.777122189601262
      }
    }
  },
  "statistics": {
    "r2_score": {
      "mean": -Infinity,
      "std": NaN
    },
    "mse": {
      "mean": Infinity,
      "std": NaN
    },
    "mae": {
      "mean": Infinity,
      "std": NaN
    },
    "symbolic_match_rate": 0.11875,
    "average_inference_time": 8.388629159331321
  }
}